version,segment,n_reviews,segment_share,price_label,price_per_unit,p_buy_mid
v1_prior,[Reddit] 网络故障排查派,405,0.1723404255319149,攻击价 €65,65,0.4087286109203686
v1_prior,[Reddit] 网络故障排查派,405,0.1723404255319149,主力价 €73,73,0.36741281996030817
v1_prior,[Reddit] 网络故障排查派,405,0.1723404255319149,标准价 €80,80,0.33610893255018365
v1_prior,[Reddit] 网络故障排查派,405,0.1723404255319149,上限价 €90,90,0.29789177215342805
v1_prior,[Reddit] 专业生态推荐与排障派,279,0.1187234042553191,攻击价 €65,65,0.3769418102741586
v1_prior,[Reddit] 专业生态推荐与排障派,279,0.1187234042553191,主力价 €73,73,0.3370077558274448
v1_prior,[Reddit] 专业生态推荐与排障派,279,0.1187234042553191,标准价 €80,80,0.3070370441063829
v1_prior,[Reddit] 专业生态推荐与排障派,279,0.1187234042553191,上限价 €90,90,0.27077725440821837
v1_prior,[Reddit] 品牌固件失望转投派,236,0.1004255319148936,攻击价 €65,65,0.6059680930496871
v1_prior,[Reddit] 品牌固件失望转投派,236,0.1004255319148936,主力价 €73,73,0.5637233823282753
v1_prior,[Reddit] 品牌固件失望转投派,236,0.1004255319148936,标准价 €80,80,0.5296990977089518
v1_prior,[Reddit] 品牌固件失望转投派,236,0.1004255319148936,上限价 €90,90,0.4855694697352853
v1_prior,[Reddit] 家庭网络性能与安全派,428,0.182127659574468,攻击价 €65,65,0.38095508119592214
v1_prior,[Reddit] 家庭网络性能与安全派,428,0.182127659574468,主力价 €73,73,0.34082843318769074
v1_prior,[Reddit] 家庭网络性能与安全派,428,0.182127659574468,标准价 €80,80,0.3106771619793691
v1_prior,[Reddit] 家庭网络性能与安全派,428,0.182127659574468,上限价 €90,90,0.27415756447455614
v1_prior,[Reddit] 移动差旅网络适配派,185,0.0787234042553191,攻击价 €65,65,0.6403443487158665
v1_prior,[Reddit] 移动差旅网络适配派,185,0.0787234042553191,主力价 €73,73,0.5993483824240471
v1_prior,[Reddit] 移动差旅网络适配派,185,0.0787234042553191,标准价 €80,80,0.5659632600840614
v1_prior,[Reddit] 移动差旅网络适配派,185,0.0787234042553191,上限价 €90,90,0.5221668167034578
v1_prior,[Reddit] 固件扩展与性价比派,183,0.0778723404255319,攻击价 €65,65,0.49787800240774405
v1_prior,[Reddit] 固件扩展与性价比派,183,0.0778723404255319,主力价 €73,73,0.454477337690291
v1_prior,[Reddit] 固件扩展与性价比派,183,0.0778723404255319,标准价 €80,80,0.42068864284401386
v1_prior,[Reddit] 固件扩展与性价比派,183,0.0778723404255319,上限价 €90,90,0.3783349233103001
v1_prior,[Reddit] 同轴方案评估讨论派,212,0.0902127659574468,攻击价 €65,65,0.26415228318284356
v1_prior,[Reddit] 同轴方案评估讨论派,212,0.0902127659574468,主力价 €73,73,0.23172335103089636
v1_prior,[Reddit] 同轴方案评估讨论派,212,0.0902127659574468,标准价 €80,80,0.20817580190148852
v1_prior,[Reddit] 同轴方案评估讨论派,212,0.0902127659574468,上限价 €90,90,0.18054920274794242
v1_prior,[Reddit] DIY硬件适配改造派,80,0.0340425531914893,攻击价 €65,65,0.28163129233787865
v1_prior,[Reddit] DIY硬件适配改造派,80,0.0340425531914893,主力价 €73,73,0.24777908775725574
v1_prior,[Reddit] DIY硬件适配改造派,80,0.0340425531914893,标准价 €80,80,0.22307370353217762
v1_prior,[Reddit] DIY硬件适配改造派,80,0.0340425531914893,上限价 €90,90,0.19395430930246244
v1_prior,[Reddit] DNS与拓扑调优派,40,0.0170212765957446,攻击价 €65,65,0.28979410843607
v1_prior,[Reddit] DNS与拓扑调优派,40,0.0170212765957446,主力价 €73,73,0.25530944069355277
v1_prior,[Reddit] DNS与拓扑调优派,40,0.0170212765957446,标准价 €80,80,0.23008288309834882
v1_prior,[Reddit] DNS与拓扑调优派,40,0.0170212765957446,上限价 €90,90,0.20028439858312627
v1_prior,[Reddit] 社区互助信息传递派,86,0.036595744680851,攻击价 €65,65,0.1913130958133331
v1_prior,[Reddit] 社区互助信息传递派,86,0.036595744680851,主力价 €73,73,0.16581136761462528
v1_prior,[Reddit] 社区互助信息传递派,86,0.036595744680851,标准价 €80,80,0.14767430192595765
v1_prior,[Reddit] 社区互助信息传递派,86,0.036595744680851,上限价 €90,90,0.12679108569994757
v1_prior,[Comp] 家用多网安全进阶派,37,0.0157446808510638,攻击价 €65,65,0.7057782033235042
v1_prior,[Comp] 家用多网安全进阶派,37,0.0157446808510638,主力价 €73,73,0.6683781690240984
v1_prior,[Comp] 家用多网安全进阶派,37,0.0157446808510638,标准价 €80,80,0.6372638549531394
v1_prior,[Comp] 家用多网安全进阶派,37,0.0157446808510638,上限价 €90,90,0.595520205363703
v1_prior,[Comp] 同牌加购兼容受阻派,57,0.0242553191489361,攻击价 €65,65,0.4384544784490288
v1_prior,[Comp] 同牌加购兼容受阻派,57,0.0242553191489361,主力价 €73,73,0.3961470793439395
v1_prior,[Comp] 同牌加购兼容受阻派,57,0.0242553191489361,标准价 €80,80,0.36380296679305624
v1_prior,[Comp] 同牌加购兼容受阻派,57,0.0242553191489361,上限价 €90,90,0.32397352315200945
v1_prior,[Comp] 家用生态有线深度玩家,27,0.0114893617021276,攻击价 €65,65,0.2650463470654975
v1_prior,[Comp] 家用生态有线深度玩家,27,0.0114893617021276,主力价 €73,73,0.23254234075849287
v1_prior,[Comp] 家用生态有线深度玩家,27,0.0114893617021276,标准价 €80,80,0.20893419973729294
v1_prior,[Comp] 家用生态有线深度玩家,27,0.0114893617021276,上限价 €90,90,0.1812299904958055
v1_prior,[Comp] 入门易装基础确认派,30,0.0127659574468085,攻击价 €65,65,0.14413229557698998
v1_prior,[Comp] 入门易装基础确认派,30,0.0127659574468085,主力价 €73,73,0.12395569388121636
v1_prior,[Comp] 入门易装基础确认派,30,0.0127659574468085,标准价 €80,80,0.1097943665700407
v1_prior,[Comp] 入门易装基础确认派,30,0.0127659574468085,上限价 €90,90,0.09367914318830682
v1_prior,[Comp] 入门成效失望退货派,10,0.0042553191489361,攻击价 €65,65,0.5679803583612846
v1_prior,[Comp] 入门成效失望退货派,10,0.0042553191489361,主力价 €73,73,0.5248563749858983
v1_prior,[Comp] 入门成效失望退货派,10,0.0042553191489361,标准价 €80,80,0.4905403130775777
v1_prior,[Comp] 入门成效失望退货派,10,0.0042553191489361,上限价 €90,90,0.44657526331708114
v1_prior,[Comp] 家用高性价比覆盖派,24,0.0102127659574468,攻击价 €65,65,0.4252191349536424
v1_prior,[Comp] 家用高性价比覆盖派,24,0.0102127659574468,主力价 €73,73,0.3833170754970635
v1_prior,[Comp] 家用高性价比覆盖派,24,0.0102127659574468,标准价 €80,80,0.35141088424840555
v1_prior,[Comp] 家用高性价比覆盖派,24,0.0102127659574468,上限价 €90,90,0.31227221286642476
v1_prior,[Comp] 家用易装全屋花园派,21,0.0089361702127659,攻击价 €65,65,0.20235786406196504
v1_prior,[Comp] 家用易装全屋花园派,21,0.0089361702127659,主力价 €73,73,0.17570376238598265
v1_prior,[Comp] 家用易装全屋花园派,21,0.0089361702127659,标准价 €80,80,0.15668787720702643
v1_prior,[Comp] 家用易装全屋花园派,21,0.0089361702127659,上限价 €90,90,0.13473150492236974
v1_prior,[Comp] 家用漫游速度体验派,10,0.0042553191489361,攻击价 €65,65,0.32379532160116914
v1_prior,[Comp] 家用漫游速度体验派,10,0.0042553191489361,主力价 €73,73,0.28689907259648234
v1_prior,[Comp] 家用漫游速度体验派,10,0.0042553191489361,标准价 €80,80,0.25963946846606345
v1_prior,[Comp] 家用漫游速度体验派,10,0.0042553191489361,上限价 €90,90,0.22714237610054644
v2_calibrated,[Reddit] 网络故障排查派,405,0.1723404255319149,攻击价 €65,65,0.30960149974835854
v2_calibrated,[Reddit] 网络故障排查派,405,0.1723404255319149,主力价 €73,73,0.2736680554948886
v2_calibrated,[Reddit] 网络故障排查派,405,0.1723404255319149,标准价 €80,80,0.24722974503652836
v2_calibrated,[Reddit] 网络故障排查派,405,0.1723404255319149,上限价 €90,90,0.21583307871620405
v2_calibrated,[Reddit] 专业生态推荐与排障派,279,0.1187234042553191,攻击价 €65,65,0.27913451222266367
v2_calibrated,[Reddit] 专业生态推荐与排障派,279,0.1187234042553191,主力价 €73,73,0.24547986718143094
v2_calibrated,[Reddit] 专业生态推荐与排障派,279,0.1187234042553191,标准价 €80,80,0.22093639880259255
v2_calibrated,[Reddit] 专业生态推荐与排障派,279,0.1187234042553191,上限价 €90,90,0.19202704439902085
v2_calibrated,[Reddit] 品牌固件失望转投派,236,0.1004255319148936,攻击价 €65,65,0.461130834842854
v2_calibrated,[Reddit] 品牌固件失望转投派,236,0.1004255319148936,主力价 €73,73,0.41826513672192395
v2_calibrated,[Reddit] 品牌固件失望转投派,236,0.1004255319148936,标准价 €80,80,0.38526732772414735
v2_calibrated,[Reddit] 品牌固件失望转投派,236,0.1004255319148936,上限价 €90,90,0.34435991861333654
v2_calibrated,[Reddit] 家庭网络性能与安全派,428,0.182127659574468,攻击价 €65,65,0.28022008134793974
v2_calibrated,[Reddit] 家庭网络性能与安全派,428,0.182127659574468,主力价 €73,73,0.2464793038648261
v2_calibrated,[Reddit] 家庭网络性能与安全派,428,0.182127659574468,标准价 €80,80,0.22186529306077335
v2_calibrated,[Reddit] 家庭网络性能与安全派,428,0.182127659574468,上限价 €90,90,0.19286448319533853
v2_calibrated,[Reddit] 移动差旅网络适配派,185,0.0787234042553191,攻击价 €65,65,0.4511882811191513
v2_calibrated,[Reddit] 移动差旅网络适配派,185,0.0787234042553191,主力价 €73,73,0.40854610568932415
v2_calibrated,[Reddit] 移动差旅网络适配派,185,0.0787234042553191,标准价 €80,80,0.3758197028120998
v2_calibrated,[Reddit] 移动差旅网络适配派,185,0.0787234042553191,上限价 €90,90,0.335368170364634
v2_calibrated,[Reddit] 固件扩展与性价比派,183,0.0778723404255319,攻击价 €65,65,0.3531590237194242
v2_calibrated,[Reddit] 固件扩展与性价比派,183,0.0778723404255319,主力价 €73,73,0.31447286555508386
v2_calibrated,[Reddit] 固件扩展与性价比派,183,0.0778723404255319,标准价 €80,80,0.2856427919610609
v2_calibrated,[Reddit] 固件扩展与性价比派,183,0.0778723404255319,上限价 €90,90,0.2509944377770585
v2_calibrated,[Reddit] 同轴方案评估讨论派,212,0.0902127659574468,攻击价 €65,65,0.1914990028901232
v2_calibrated,[Reddit] 同轴方案评估讨论派,212,0.0902127659574468,主力价 €73,73,0.1659775797349248
v2_calibrated,[Reddit] 同轴方案评估讨论派,212,0.0902127659574468,标准价 €80,80,0.14782555496023334
v2_calibrated,[Reddit] 同轴方案评估讨论派,212,0.0902127659574468,上限价 €90,90,0.12692413462389965
v2_calibrated,[Reddit] DIY硬件适配改造派,80,0.0340425531914893,攻击价 €65,65,0.2191487040648896
v2_calibrated,[Reddit] DIY硬件适配改造派,80,0.0340425531914893,主力价 €73,73,0.19081202355130697
v2_calibrated,[Reddit] DIY硬件适配改造派,80,0.0340425531914893,标准价 €80,80,0.17049922914505664
v2_calibrated,[Reddit] DIY硬件适配改造派,80,0.0340425531914893,上限价 €90,90,0.14694472921095664
v2_calibrated,[Reddit] DNS与拓扑调优派,40,0.0170212765957446,攻击价 €65,65,0.22376060542473972
v2_calibrated,[Reddit] DNS与拓扑调优派,40,0.0170212765957446,主力价 €73,73,0.19497649340537837
v2_calibrated,[Reddit] DNS与拓扑调优派,40,0.0170212765957446,标准价 €80,80,0.17431587424982323
v2_calibrated,[Reddit] DNS与拓扑调优派,40,0.0170212765957446,上限价 €90,90,0.1503296607882357
v2_calibrated,[Reddit] 社区互助信息传递派,86,0.036595744680851,攻击价 €65,65,0.16727740757937667
v2_calibrated,[Reddit] 社区互助信息传递派,86,0.036595744680851,主力价 €73,73,0.14440747324477013
v2_calibrated,[Reddit] 社区互助信息传递派,86,0.036595744680851,标准价 €80,80,0.1282516935233934
v2_calibrated,[Reddit] 社区互助信息传递派,86,0.036595744680851,上限价 €90,90,0.10976139903681896
v2_calibrated,[Comp] 家用多网安全进阶派,37,0.0157446808510638,攻击价 €65,65,0.5262514065355884
v2_calibrated,[Comp] 家用多网安全进阶派,37,0.0157446808510638,主力价 €73,73,0.4827553458142775
v2_calibrated,[Comp] 家用多网安全进阶派,37,0.0157446808510638,标准价 €80,80,0.44859309862888114
v2_calibrated,[Comp] 家用多网安全进阶派,37,0.0157446808510638,上限价 €90,90,0.40539598559076345
v2_calibrated,[Comp] 同牌加购兼容受阻派,57,0.0242553191489361,攻击价 €65,65,0.32874113917010256
v2_calibrated,[Comp] 同牌加购兼容受阻派,57,0.0242553191489361,主力价 €73,73,0.29152428418342835
v2_calibrated,[Comp] 同牌加购兼容受阻派,57,0.0242553191489361,标准价 €80,80,0.2639879051853804
v2_calibrated,[Comp] 同牌加购兼容受阻派,57,0.0242553191489361,上限价 €90,90,0.23111645261408717
v2_calibrated,[Comp] 家用生态有线深度玩家,27,0.0114893617021276,攻击价 €65,65,0.20684164350112166
v2_calibrated,[Comp] 家用生态有线深度玩家,27,0.0114893617021276,主力价 €73,73,0.17973002525904289
v2_calibrated,[Comp] 家用生态有线深度玩家,27,0.0114893617021276,标准价 €80,80,0.1603631631282002
v2_calibrated,[Comp] 家用生态有线深度玩家,27,0.0114893617021276,上限价 €90,90,0.13797604204288544
v2_calibrated,[Comp] 入门易装基础确认派,30,0.0127659574468085,攻击价 €65,65,0.131086722540974
v2_calibrated,[Comp] 入门易装基础确认派,30,0.0127659574468085,主力价 €73,73,0.11249628852505537
v2_calibrated,[Comp] 入门易装基础确认派,30,0.0127659574468085,标准价 €80,80,0.09949545354040623
v2_calibrated,[Comp] 入门易装基础确认派,30,0.0127659574468085,上限价 €90,90,0.08474795913726
v2_calibrated,[Comp] 入门成效失望退货派,10,0.0042553191489361,攻击价 €65,65,0.3970231493035205
v2_calibrated,[Comp] 入门成效失望退货派,10,0.0042553191489361,主力价 €73,73,0.35617781916609903
v2_calibrated,[Comp] 入门成效失望退货派,10,0.0042553191489361,标准价 €80,80,0.32533886029405185
v2_calibrated,[Comp] 入门成效失望退货派,10,0.0042553191489361,上限价 €90,90,0.2878154057848293
v2_calibrated,[Comp] 家用高性价比覆盖派,24,0.0102127659574468,攻击价 €65,65,0.302296855896587
v2_calibrated,[Comp] 家用高性价比覆盖派,24,0.0102127659574468,主力价 €73,73,0.2668834840485575
v2_calibrated,[Comp] 家用高性价比覆盖派,24,0.0102127659574468,标准价 €80,80,0.24088324026182403
v2_calibrated,[Comp] 家用高性价比覆盖派,24,0.0102127659574468,上限价 €90,90,0.21006762848429603
v2_calibrated,[Comp] 家用易装全屋花园派,21,0.0089361702127659,攻击价 €65,65,0.16258452519312025
v2_calibrated,[Comp] 家用易装全屋花园派,21,0.0089361702127659,主力价 €73,73,0.14024813543443623
v2_calibrated,[Comp] 家用易装全屋花园派,21,0.0089361702127659,标准价 €80,80,0.1244899807860467
v2_calibrated,[Comp] 家用易装全屋花园派,21,0.0089361702127659,上限价 €90,90,0.10647577881894175
v2_calibrated,[Comp] 家用漫游速度体验派,10,0.0042553191489361,攻击价 €65,65,0.2527716688223699
v2_calibrated,[Comp] 家用漫游速度体验派,10,0.0042553191489361,主力价 €73,73,0.22131967037352762
v2_calibrated,[Comp] 家用漫游速度体验派,10,0.0042553191489361,标准价 €80,80,0.19855610519282108
v2_calibrated,[Comp] 家用漫游速度体验派,10,0.0042553191489361,上限价 €90,90,0.17192892621872655
